ID,TIPOPRENDA,NUMEROPRENDAS,PARESZAPATOS,COSTO
1,Guantes,68,11,3414
2,Vestido,81,34,9256
3,Gorra,52,11,7839
4,Camiseta,17,19,2768
5,Sombrero,94,18,840
6,Chaqueta,93,30,4877
7,Zapatos.,30,6,3805
8,Gorra,74,18,1494
9,Sombrero,83,22,8319
10,Blusa,90,18,9293
11,Pantalones,80,30,3313
12,Guantes,21,12,4359
13,Pantalones,87,1,2444
14,Calcetines,51,32,102
15,Traje,29,16,9143
16,Vaqueros,56,11,6431
17,Blusa,23,29,3351
18,Guantes,32,21,8402
19,Bufanda,39,1,5891
20,Bufanda,36,4,4783
21,Bufanda,96,19,2409
22,Vaqueros,74,35,7162
23,Blusa,39,17,8915
24,Zapatos.,28,13,6602
25,Camisa,61,18,2516
26,Zapatos.,77,37,7141
27,Zapatos.,79,13,3231
28,Guantes,90,23,5648
29,Sombrero,86,26,8731
30,Pantalones,18,3,1522
31,Vaqueros,77,16,9959
32,Falda,71,12,3921
33,Chaleco,33,14,9083
34,Pantalones cortos,27,10,2802
35,Chaqueta,17,40,2314
36,Pantalones cortos,3,34,1677
37,Guantes,99,18,6708
38,Bufanda,62,13,6029
39,Guantes,56,1,8445
40,Pantalones cortos,93,20,21
41,Guantes,3,4,1497
42,Pantalones cortos,15,21,6664
43,Sombrero,47,29,2134
44,Gorra,97,8,2736
45,Sombrero,42,19,8358
46,Gorra,94,37,2722
47,Bufanda,72,13,7575
48,Guantes,25,38,8856
49,Ropa interior,12,29,152
50,Gorra,47,18,8589
51,Zapatos.,92,34,375
52,Falda,54,8,3698
53,Sudadera,22,15,8671
54,Gorra,99,27,3779
55,Camiseta,12,20,8237
56,Vaqueros,88,39,5887
57,Chaqueta,5,18,1271
58,Guantes,62,27,96
59,Vestido,63,36,5969
60,Sombrero,67,23,4380
61,Bufanda,72,36,8405
62,Abrigo,76,24,9685
63,Traje,86,20,2472
64,Chaqueta,67,27,1422
65,Chaleco,16,12,827
66,Ropa interior,96,30,8920
67,Sombrero,15,36,452
68,Ropa interior,40,33,4823
69,Pantalones,53,13,1169
70,Vestido,48,10,6932
71,Pantalones,90,36,2146
72,Gorra,18,5,8909
73,Chaqueta,9,8,2651
74,Bufanda,25,28,7000
75,Falda,74,6,6164
76,Vaqueros,61,21,5222
77,Gorra,28,32,6668
78,Vestido,84,32,4235
79,Bufanda,15,6,5869
80,Vaqueros,45,24,479
81,Zapatos.,81,23,435
82,Vestido,14,18,1859
83,Ropa interior,51,28,1213
84,Abrigo,85,25,1165
85,Gorra,70,37,4894
86,Pantalones cortos,9,21,7886
87,Chaleco,48,19,1326
88,Guantes,88,34,7834
89,Camiseta,29,33,1605
90,Camiseta,9,34,4525
91,Pantalones cortos,16,34,9424
92,Blusa,14,21,9462
93,Camiseta,1,22,9209
94,Traje,12,38,8249
95,Abrigo,53,20,1634
96,Ropa interior,84,39,4186
97,Abrigo,76,25,8479
98,Abrigo,57,19,2249
99,Sudadera,54,12,8056
100,Ropa interior,82,18,3137
101,Pantalones cortos,85,32,8902
102,Guantes,23,16,8822
103,Chaleco,78,6,9021
104,Camiseta,97,19,9310
105,Falda,44,4,5110
106,Abrigo,16,28,8924
107,Sudadera,71,9,7529
108,Falda,76,16,3166
109,Sudadera,21,8,502
110,Sudadera,8,27,7972
111,Camiseta,24,20,8019
112,Gorra,69,25,6078
113,Traje,59,7,5174
114,Falda,20,33,8446
115,Gorra,47,33,2397
116,Chaleco,34,13,5481
117,Sombrero,26,18,6455
118,Pantalones,58,17,4938
119,Calcetines,91,22,2278
120,Calcetines,93,6,974
121,Zapatos.,94,26,1131
122,Sombrero,93,27,4680
123,Traje,57,32,7779
124,Sudadera,44,35,8441
125,Vestido,60,34,4095
126,Sombrero,28,26,9554
127,Vestido,81,7,9546
128,Pantalones,4,9,239
129,Chaleco,81,22,4661
130,Bufanda,96,35,2761
131,Ropa interior,16,32,6109
132,Sombrero,64,3,9963
133,Ropa interior,21,20,8646
134,Vestido,99,1,1469
135,Camisa,69,24,5367
136,Chaleco,60,7,6127
137,Zapatos.,83,18,9404
138,Calcetines,82,6,3050
139,Sudadera,62,24,9819
140,Vestido,80,31,956
141,Vaqueros,8,2,2234
142,Vestido,92,10,2515
143,Chaleco,55,2,8917
144,Abrigo,84,19,1927
145,Zapatos.,69,30,6513
146,Ropa interior,16,38,4452
147,Pantalones,29,39,5592
148,Pantalones,30,4,4932
149,Chaleco,31,35,3404
150,Chaqueta,96,25,5781
151,Zapatos.,50,39,2273
152,Blusa,99,16,2785
153,Bufanda,84,38,680
154,Abrigo,45,5,4118
155,Chaleco,11,32,4891
156,Calcetines,17,39,1341
157,Pantalones cortos,47,4,1268
158,Vaqueros,39,6,9670
159,Pantalones,67,9,3328
160,Abrigo,47,4,6706
161,Chaleco,12,33,4937
162,Pantalones,46,25,8345
163,Vestido,32,36,2890
164,Pantalones,24,22,6972
165,Abrigo,21,12,6412
166,Camiseta,85,23,4578
167,Gorra,46,29,2305
168,Camisa,39,37,6581
169,Calcetines,57,18,4210
170,Vaqueros,73,33,1349
171,Guantes,85,4,8141
172,Vestido,25,23,4333
173,Falda,22,6,9156
174,Sudadera,8,22,5050
175,Vaqueros,47,7,1090
176,Gorra,71,27,9741
177,Camisa,78,3,5713
178,Blusa,51,28,3265
179,Vestido,4,14,5745
180,Abrigo,64,38,6173
181,Gorra,58,1,7778
182,Pantalones,55,4,6479
183,Ropa interior,78,22,7533
184,Abrigo,18,25,1032
185,Chaqueta,38,14,1549
186,Pantalones,55,27,8308
187,Bufanda,14,39,7806
188,Vaqueros,44,40,6571
189,Abrigo,48,19,4054
190,Abrigo,54,34,1011
191,Vaqueros,79,30,8295
192,Pantalones,2,29,5985
193,Pantalones,30,29,3054
194,Zapatos.,16,33,5602
195,Sudadera,87,34,3120
196,Guantes,5,15,3055
197,Abrigo,59,39,1923
198,Ropa interior,70,18,5444
199,Chaleco,42,5,1253
200,Traje,61,19,3226
201,Chaqueta,11,13,680
202,Traje,75,4,6140
203,Zapatos.,92,24,6978
204,Zapatos.,3,5,6538
205,Sudadera,77,27,5083
206,Traje,55,2,3687
207,Vaqueros,15,26,8530
208,Traje,29,2,8558
209,Pantalones,10,24,1095
210,Chaqueta,72,39,1707
211,Gorra,65,18,1960
212,Bufanda,55,6,2490
213,Abrigo,35,19,5967
214,Chaqueta,92,6,2345
215,Chaleco,73,16,8612
216,Traje,32,1,5630
217,Bufanda,13,38,9076
218,Sudadera,83,4,9526
219,Traje,94,23,8094
220,Vaqueros,72,18,7038
221,Abrigo,62,23,44
222,Pantalones cortos,1,11,9295
223,Abrigo,63,5,4150
224,Vestido,2,17,2788
225,Camisa,47,36,8711
226,Camisa,3,21,6496
227,Pantalones,92,9,5228
228,Pantalones,98,27,7246
229,Bufanda,87,29,2997
230,Vestido,91,23,1616
231,Vestido,35,13,8732
232,Pantalones,64,17,6371
233,Camiseta,40,7,2501
234,Gorra,53,27,7873
235,Traje,35,14,7822
236,Camisa,12,16,6156
237,Pantalones cortos,78,10,8477
238,Guantes,6,19,5483
239,Chaleco,3,33,822
240,Falda,98,38,4368
241,Ropa interior,59,7,3723
242,Zapatos.,45,8,7110
243,Calcetines,39,18,5740
244,Sudadera,85,26,418
245,Traje,41,4,34
246,Chaleco,76,30,3617
247,Ropa interior,40,24,2042
248,Camiseta,73,33,6447
249,Chaleco,48,17,9901
250,Vestido,95,16,8267
251,Abrigo,96,10,4710
252,Traje,32,6,8706
253,Guantes,96,30,8620
254,Blusa,62,20,4489
255,Bufanda,97,2,4462
256,Traje,92,13,5322
257,Sudadera,65,18,3443
258,Chaleco,87,29,8900
259,Vaqueros,63,12,6658
260,Falda,91,20,2332
261,Chaqueta,94,37,8850
262,Falda,33,20,7625
263,Calcetines,87,19,9797
264,Guantes,83,30,7336
265,Sudadera,22,11,2968
266,Falda,10,18,4183
267,Pantalones cortos,21,34,8612
268,Pantalones,12,2,6805
269,Bufanda,52,32,4397
270,Chaleco,70,7,6552
271,Sudadera,68,19,7396
272,Calcetines,8,28,4
273,Pantalones cortos,51,5,6648
274,Calcetines,13,25,4270
275,Vaqueros,38,1,5913
276,Pantalones cortos,74,27,7951
277,Vestido,18,14,1558
278,Camiseta,83,17,5707
279,Pantalones,68,27,6721
280,Gorra,92,31,5322
281,Chaleco,84,38,4874
282,Chaqueta,77,15,2261
283,Abrigo,44,32,5594
284,Calcetines,38,33,1803
285,Traje,3,2,1730
286,Gorra,56,19,2962
287,Falda,45,3,4013
288,Calcetines,17,12,9413
289,Sombrero,71,3,3839
290,Camisa,59,31,1994
291,Blusa,11,9,2564
292,Camiseta,70,1,8409
293,Falda,3,13,1035
294,Chaqueta,91,25,4705
295,Chaqueta,57,32,1221
296,Chaqueta,17,29,6714
297,Pantalones,75,39,5915
298,Zapatos.,90,31,9462
299,Camisa,54,40,3007
300,Abrigo,68,24,9948
301,Pantalones cortos,66,23,832
302,Camiseta,67,37,67
303,Zapatos.,64,39,16
304,Pantalones,66,26,453
305,Chaleco,82,14,6428
306,Vestido,32,35,2713
307,Camiseta,1,11,4551
308,Chaleco,2,3,1676
309,Guantes,47,27,4052
310,Guantes,73,16,957
311,Sudadera,87,25,27
312,Pantalones,25,23,9000
313,Traje,76,8,7403
314,Vestido,66,22,516
315,Bufanda,3,20,7667
316,Sombrero,82,37,6028
317,Bufanda,15,19,165
318,Gorra,59,16,6456
319,Ropa interior,43,12,1486
320,Camisa,18,27,9491
321,Blusa,13,22,6378
322,Abrigo,87,18,7292
323,Zapatos.,13,24,3668
324,Ropa interior,87,23,1439
325,Bufanda,88,36,9561
326,Chaqueta,28,36,5035
327,Guantes,75,24,9665
328,Falda,53,10,8287
329,Vaqueros,56,9,2221
330,Vestido,54,12,716
331,Calcetines,94,12,4025
332,Camiseta,23,27,6543
333,Sudadera,16,38,4798
334,Vaqueros,68,14,1711
335,Zapatos.,78,4,8312
336,Pantalones cortos,38,11,1433
337,Pantalones cortos,52,37,8771
338,Zapatos.,48,29,4769
339,Abrigo,83,36,8656
340,Bufanda,42,40,2863
341,Chaqueta,10,23,3860
342,Zapatos.,34,23,6332
343,Pantalones cortos,38,14,922
344,Camiseta,47,38,5631
345,Zapatos.,43,6,5731
346,Pantalones,43,28,2733
347,Ropa interior,94,24,4781
348,Bufanda,67,25,6131
349,Blusa,87,39,5623
350,Vaqueros,91,35,5320
351,Chaqueta,30,40,9262
352,Bufanda,81,20,4830
353,Camisa,38,5,9851
354,Camiseta,90,22,7435
355,Pantalones cortos,53,14,9016
356,Calcetines,11,19,2103
357,Camiseta,11,29,1693
358,Chaleco,1,31,1510
359,Calcetines,15,10,2201
360,Ropa interior,5,21,3035
361,Sudadera,84,37,5780
362,Bufanda,87,32,4552
363,Pantalones cortos,69,39,3798
364,Abrigo,31,37,6398
365,Guantes,82,16,7340
366,Bufanda,9,40,3354
367,Chaqueta,68,7,847
368,Chaleco,95,11,1614
369,Camiseta,95,37,17
370,Calcetines,53,16,1528
371,Sudadera,84,13,2476
372,Traje,60,38,2226
373,Vaqueros,63,4,227
374,Sudadera,80,24,3677
375,Traje,15,14,1877
376,Chaleco,20,24,3222
377,Ropa interior,40,18,1155
378,Chaqueta,85,20,3145
379,Blusa,3,1,4930
380,Zapatos.,75,35,826
381,Sombrero,3,6,5690
382,Blusa,56,39,7848
383,Falda,86,2,3759
384,Ropa interior,68,1,40
385,Chaqueta,12,35,5679
386,Abrigo,75,6,6087
387,Pantalones,77,32,2473
388,Falda,30,9,3966
389,Sombrero,40,35,9969
390,Pantalones cortos,72,26,7090
391,Pantalones,93,8,8711
392,Sudadera,31,37,5935
393,Pantalones,100,18,7571
394,Pantalones,50,34,2459
395,Pantalones cortos,78,34,4800
396,Pantalones cortos,51,6,7071
397,Camiseta,32,36,9017
398,Pantalones,35,38,5856
399,Pantalones cortos,70,26,5115
400,Calcetines,80,21,5982
401,Calcetines,1,40,9023
402,Gorra,86,36,8945
403,Chaleco,62,36,6279
404,Chaqueta,75,27,9338
405,Chaleco,55,35,1836
406,Pantalones,93,21,871
407,Chaleco,57,26,4736
408,Ropa interior,33,38,7517
409,Zapatos.,97,35,1402
410,Gorra,6,17,6736
411,Bufanda,24,22,8690
412,Calcetines,14,21,2987
413,Sudadera,43,23,999
414,Falda,53,9,1447
415,Pantalones cortos,20,21,4884
416,Camiseta,59,7,4355
417,Traje,83,37,5462
418,Traje,67,16,9655
419,Pantalones cortos,50,35,5352
420,Vaqueros,1,12,9948
421,Pantalones,47,34,1401
422,Chaqueta,1,19,8948
423,Ropa interior,27,31,1828
424,Gorra,59,24,8793
425,Calcetines,60,25,5895
426,Pantalones cortos,53,40,4114
427,Pantalones cortos,82,6,1
428,Traje,26,3,64
429,Bufanda,17,40,6213
430,Traje,26,23,7332
431,Bufanda,44,40,9237
432,Chaleco,19,12,7327
433,Pantalones,73,9,8584
434,Abrigo,27,23,4298
435,Pantalones,6,40,7922
436,Falda,66,14,3760
437,Abrigo,22,12,5323
438,Blusa,100,6,1040
439,Traje,25,7,5019
440,Pantalones,18,20,1392
441,Calcetines,32,24,2974
442,Camiseta,75,16,8884
443,Abrigo,80,14,7511
444,Camisa,68,38,6166
445,Chaqueta,86,21,977
446,Camisa,37,3,3586
447,Sombrero,56,4,3489
448,Guantes,41,24,68
449,Blusa,78,25,936
450,Gorra,87,7,6248
451,Guantes,10,21,949
452,Falda,5,5,8092
453,Camiseta,22,1,1506
454,Guantes,22,4,5582
455,Vaqueros,3,27,7803
456,Vestido,91,34,351
457,Vaqueros,39,35,3632
458,Pantalones,40,4,2213
459,Ropa interior,92,12,5673
460,Vestido,60,39,7132
461,Guantes,42,5,4034
462,Zapatos.,22,20,5614
463,Ropa interior,27,26,8821
464,Vaqueros,63,35,1792
465,Pantalones,13,27,1325
466,Chaleco,51,26,5818
467,Traje,35,16,7944
468,Pantalones,11,7,7716
469,Chaqueta,32,28,4647
470,Camiseta,69,28,4687
471,Ropa interior,12,25,9512
472,Vestido,20,19,2649
473,Camisa,46,1,5978
474,Vestido,74,13,6450
475,Abrigo,93,4,3274
476,Vestido,89,8,5252
477,Guantes,78,34,967
478,Vestido,66,40,4480
479,Calcetines,71,11,1
480,Abrigo,52,19,9373
481,Blusa,9,11,9173
482,Pantalones cortos,17,31,2038
483,Chaqueta,16,14,3480
484,Abrigo,29,39,902
485,Blusa,24,5,9814
486,Camiseta,93,36,3061
487,Traje,81,32,5830
488,Bufanda,38,32,8335
489,Pantalones cortos,6,33,6726
490,Bufanda,78,8,9607
491,Guantes,50,23,2987
492,Pantalones,54,32,204
493,Camisa,88,19,7442
494,Bufanda,39,2,3010
495,Ropa interior,22,7,7260
496,Chaqueta,95,27,1218
497,Chaqueta,7,3,8222
498,Calcetines,13,11,853
499,Pantalones,14,4,8951
500,Chaleco,50,13,4781
501,Camiseta,73,5,5182
502,Falda,7,26,1317
503,Bufanda,94,19,9936
504,Pantalones,26,29,14
505,Falda,70,24,4127
506,Sombrero,62,3,7143
507,Camiseta,65,30,6457
508,Chaleco,62,36,1682
509,Chaleco,28,1,2161
510,Traje,5,20,4988
511,Chaleco,63,5,7713
512,Blusa,72,25,7904
513,Abrigo,14,8,3402
514,Chaleco,72,20,8216
515,Camiseta,99,6,8184
516,Camisa,18,35,1926
517,Abrigo,52,22,34
518,Gorra,3,7,1646
519,Falda,86,26,8402
520,Sombrero,18,8,927
521,Guantes,4,3,7688
522,Sudadera,25,11,1508
523,Gorra,39,40,5
524,Vestido,87,25,6402
525,Pantalones,5,26,7156
526,Gorra,64,18,2947
527,Traje,14,3,8739
528,Camisa,41,12,7838
529,Camisa,9,3,4405
530,Bufanda,8,34,1663
531,Pantalones,54,19,6169
532,Chaqueta,78,11,326
533,Vaqueros,38,30,4945
534,Guantes,45,12,748
535,Blusa,33,2,6968
536,Gorra,69,30,3699
537,Camiseta,18,40,9830
538,Sombrero,49,10,1408
539,Chaleco,26,22,6099
540,Vaqueros,60,15,7223
541,Calcetines,13,19,5636
542,Vestido,97,39,9632
543,Calcetines,62,17,8377
544,Pantalones cortos,95,10,8571
545,Pantalones cortos,89,1,9102
546,Falda,54,1,1927
547,Vaqueros,15,27,203
548,Traje,29,33,6723
549,Traje,7,15,3869
550,Vaqueros,81,27,774
551,Vaqueros,9,20,1973
552,Vestido,43,37,1541
553,Traje,38,35,2459
554,Blusa,57,37,1071
555,Bufanda,62,29,3885
556,Gorra,96,8,8168
557,Gorra,53,25,7505
558,Camisa,35,22,27
559,Camiseta,69,12,9594
560,Sombrero,98,39,3909
561,Guantes,42,6,7392
562,Calcetines,71,29,431
563,Abrigo,44,23,3641
564,Calcetines,92,10,2832
565,Gorra,23,28,4978
566,Ropa interior,56,5,1671
567,Guantes,78,29,4170
568,Calcetines,30,39,734
569,Sombrero,99,35,3711
570,Vestido,73,26,4339
571,Guantes,22,34,5930
572,Gorra,43,38,1226
573,Ropa interior,9,32,7565
574,Bufanda,6,36,9598
575,Vaqueros,92,10,561
576,Chaqueta,14,27,5710
577,Vestido,4,26,2548
578,Ropa interior,49,20,9016
579,Guantes,88,4,8151
580,Calcetines,70,39,8679
581,Camiseta,59,9,3732
582,Falda,62,32,6778
583,Sombrero,66,28,9957
584,Traje,19,11,5045
585,Pantalones cortos,95,34,6160
586,Calcetines,26,21,7424
587,Pantalones cortos,47,29,6642
588,Chaqueta,41,25,5025
589,Abrigo,71,40,8218
590,Calcetines,87,28,1716
591,Guantes,79,16,1578
592,Chaleco,29,2,6881
593,Ropa interior,37,34,5329
594,Gorra,36,38,5526
595,Chaleco,97,31,5150
596,Chaleco,97,24,4965
597,Zapatos.,41,1,6998
598,Camiseta,15,32,524
599,Sombrero,40,2,6246
600,Chaqueta,38,14,104
601,Gorra,99,28,5061
602,Guantes,30,34,8089
603,Bufanda,46,3,6665
604,Gorra,78,24,6635
605,Zapatos.,28,26,3696
606,Pantalones,75,30,2906
607,Gorra,50,24,4486
608,Camiseta,51,15,7885
609,Abrigo,52,11,393
610,Falda,75,2,9475
611,Vestido,14,13,4695
612,Calcetines,45,35,4363
613,Camisa,7,31,4620
614,Ropa interior,73,25,248
615,Pantalones,22,29,4305
616,Falda,4,1,3217
617,Chaleco,42,32,5180
618,Calcetines,43,35,3613
619,Pantalones,31,32,6273
620,Vaqueros,57,20,190
621,Blusa,29,11,9068
622,Falda,9,5,7353
623,Gorra,85,2,2240
624,Pantalones,7,35,5799
625,Vestido,63,4,330
626,Pantalones,21,20,452
627,Calcetines,47,27,2979
628,Zapatos.,94,9,2318
629,Pantalones cortos,72,12,9337
630,Ropa interior,37,19,3815
631,Calcetines,6,30,1078
632,Chaqueta,67,27,8036
633,Blusa,35,32,4233
634,Pantalones,82,34,1228
635,Camiseta,78,34,5404
636,Bufanda,64,4,64
637,Calcetines,75,15,9541
638,Bufanda,9,7,4695
639,Guantes,24,16,9761
640,Abrigo,50,37,3929
641,Bufanda,76,9,9090
642,Sombrero,11,6,9809
643,Vaqueros,16,33,1618
644,Guantes,15,27,4788
645,Abrigo,2,37,6018
646,Sombrero,75,10,137
647,Falda,5,5,6593
648,Chaqueta,6,11,8300
649,Chaqueta,40,24,4095
650,Camisa,5,3,5940
651,Pantalones,79,1,6578
652,Pantalones cortos,49,40,3524
653,Abrigo,82,15,2545
654,Gorra,53,21,8565
655,Bufanda,32,36,9183
656,Calcetines,21,5,9072
657,Chaqueta,18,2,9526
658,Blusa,32,13,3862
659,Pantalones cortos,67,37,6544
660,Ropa interior,7,3,8062
661,Camisa,21,12,3512
662,Falda,1,19,7727
663,Chaleco,16,39,6188
664,Sudadera,42,34,2994
665,Pantalones,41,16,1755
666,Vaqueros,51,31,3862
667,Pantalones,17,28,9210
668,Guantes,5,12,2960
669,Gorra,63,7,7615
670,Chaleco,22,27,2199
671,Blusa,28,37,7599
672,Bufanda,65,33,3434
673,Bufanda,81,4,555
674,Falda,77,22,7463
675,Vaqueros,64,11,8486
676,Chaqueta,71,9,4052
677,Blusa,93,34,3866
678,Abrigo,14,24,6312
679,Camiseta,16,32,8817
680,Camiseta,72,14,1660
681,Sombrero,35,24,6336
682,Sudadera,32,9,4880
683,Bufanda,41,32,5465
684,Blusa,60,24,3062
685,Zapatos.,10,38,1242
686,Falda,12,17,9241
687,Pantalones cortos,82,39,2563
688,Calcetines,27,14,4748
689,Chaleco,26,27,5455
690,Chaleco,68,20,2365
691,Vaqueros,50,9,3091
692,Sombrero,69,25,3671
693,Blusa,5,21,3516
694,Chaqueta,79,40,2799
695,Sudadera,56,30,1538
696,Chaqueta,64,12,7107
697,Vaqueros,43,8,21
698,Camisa,39,18,5963
699,Traje,14,34,161
700,Chaleco,29,22,1599
701,Vestido,61,13,3660
702,Sudadera,40,5,5392
703,Falda,26,3,8110
704,Traje,54,25,2243
705,Sudadera,81,34,2247
706,Gorra,46,20,6313
707,Sombrero,51,14,6430
708,Guantes,85,31,4708
709,Blusa,86,4,6589
710,Camisa,99,31,9833
711,Vaqueros,6,29,7915
712,Vaqueros,14,36,6900
713,Vaqueros,60,7,399
714,Calcetines,97,25,1171
715,Pantalones cortos,76,1,8706
716,Gorra,33,21,8882
717,Zapatos.,5,27,5191
718,Falda,95,8,8885
719,Sudadera,93,19,3089
720,Ropa interior,74,20,789
721,Chaqueta,19,21,427
722,Camiseta,90,35,8274
723,Vestido,8,33,9668
724,Guantes,44,18,573
725,Sombrero,93,7,4411
726,Camiseta,94,16,7172
727,Vestido,23,27,5489
728,Calcetines,88,24,3783
729,Camiseta,86,28,6095
730,Zapatos.,67,23,2968
731,Abrigo,86,40,1814
732,Calcetines,73,21,307
733,Pantalones,55,17,2938
734,Camisa,28,10,6636
735,Sombrero,2,2,681
736,Pantalones,66,38,3994
737,Chaqueta,6,33,5920
738,Vestido,16,21,1180
739,Ropa interior,16,10,7365
740,Chaleco,68,10,29
741,Sombrero,57,37,439
742,Traje,45,28,8603
743,Vaqueros,1,14,5129
744,Chaleco,56,18,2751
745,Chaqueta,93,38,9418
746,Vaqueros,9,40,85
747,Guantes,98,10,4541
748,Abrigo,8,12,8503
749,Pantalones,78,27,8540
750,Sudadera,59,40,4058
751,Zapatos.,89,8,4682
752,Calcetines,1,23,1655
753,Ropa interior,85,37,6415
754,Camiseta,5,36,527
755,Ropa interior,94,12,4368
756,Pantalones cortos,48,9,7766
757,Calcetines,57,13,8865
758,Pantalones cortos,9,10,2168
759,Camiseta,72,38,7260
760,Pantalones,15,28,720
761,Guantes,76,20,6840
762,Pantalones cortos,96,34,4226
763,Camisa,69,23,3115
764,Vaqueros,28,6,9517
765,Blusa,17,16,3474
766,Sombrero,28,8,7186
767,Bufanda,46,25,4992
768,Abrigo,56,16,5105
769,Chaqueta,46,18,5609
770,Zapatos.,21,13,3088
771,Guantes,68,1,6106
772,Camisa,94,36,6364
773,Chaqueta,13,37,1799
774,Calcetines,8,16,3821
775,Camisa,93,36,8086
776,Zapatos.,69,36,2845
777,Sombrero,43,2,8718
778,Pantalones,82,30,7730
779,Blusa,37,36,1129
780,Zapatos.,60,30,4163
781,Ropa interior,28,1,7934
782,Traje,68,26,311
783,Vestido,61,13,3644
784,Pantalones,43,5,5749
785,Abrigo,31,6,5711
786,Camiseta,66,13,5237
787,Traje,57,28,4832
788,Abrigo,98,16,1425
789,Pantalones cortos,61,7,5364
790,Chaqueta,77,7,174
791,Vaqueros,64,29,1655
792,Abrigo,28,8,5589
793,Sombrero,80,28,4669
794,Gorra,18,30,4656
795,Blusa,37,36,6121
796,Zapatos.,77,17,1558
797,Sudadera,21,22,736
798,Abrigo,96,37,9721
799,Ropa interior,9,18,6849
800,Zapatos.,20,7,5257
801,Gorra,74,32,2535
802,Camisa,34,6,8156
803,Sudadera,46,18,2907
804,Pantalones,17,28,5376
805,Pantalones,65,9,7672
806,Traje,36,20,8559
807,Zapatos.,49,7,7207
808,Bufanda,27,25,7190
809,Zapatos.,45,19,6112
810,Chaleco,85,31,5409
811,Chaleco,80,25,5941
812,Camiseta,86,28,4303
813,Chaleco,83,28,9282
814,Bufanda,46,5,4776
815,Chaqueta,41,27,5828
816,Chaqueta,52,4,5454
817,Camiseta,84,19,6080
818,Falda,60,16,1507
819,Sombrero,27,23,8570
820,Calcetines,67,2,8477
821,Vaqueros,59,28,4019
822,Traje,57,23,460
823,Sombrero,71,23,4691
824,Guantes,26,37,6885
825,Blusa,52,16,1934
826,Calcetines,99,3,4116
827,Pantalones,77,5,1723
828,Calcetines,12,15,3335
829,Chaqueta,2,12,4353
830,Camiseta,15,24,4116
831,Chaqueta,16,33,82
832,Vaqueros,35,31,5624
833,Traje,19,29,9178
834,Blusa,20,32,4647
835,Chaleco,28,13,4334
836,Falda,13,28,6727
837,Guantes,31,2,8179
838,Vaqueros,73,13,1578
839,Guantes,36,27,8921
840,Vestido,25,2,8417
841,Camiseta,5,33,9896
842,Vaqueros,63,28,9912
843,Guantes,93,8,860
844,Zapatos.,41,14,2930
845,Camiseta,76,20,9322
846,Zapatos.,43,18,7260
847,Pantalones cortos,81,22,8565
848,Blusa,93,30,9728
849,Guantes,68,25,8997
850,Camisa,92,30,5380
851,Falda,9,19,4245
852,Sudadera,25,37,1605
853,Bufanda,46,9,1883
854,Camisa,76,18,721
855,Chaqueta,62,32,563
856,Vestido,29,8,5213
857,Zapatos.,2,23,527
858,Camiseta,79,35,1920
859,Chaleco,27,29,6973
860,Camiseta,86,24,1255
861,Calcetines,83,2,2466
862,Blusa,67,29,5443
863,Pantalones,84,12,2925
864,Vestido,40,38,6190
865,Calcetines,67,16,824
866,Camiseta,99,2,9758
867,Vestido,9,36,5578
868,Sombrero,45,40,7354
869,Camisa,75,20,9042
870,Vestido,36,20,5025
871,Chaqueta,9,32,9126
872,Calcetines,78,37,2019
873,Gorra,3,31,7576
874,Pantalones cortos,70,8,6307
875,Pantalones,91,3,6697
876,Camisa,40,16,5042
877,Bufanda,56,23,2951
878,Pantalones cortos,69,26,6977
879,Guantes,57,7,9114
880,Traje,49,11,4393
881,Chaqueta,81,34,556
882,Abrigo,51,26,9077
883,Abrigo,96,28,8404
884,Pantalones,76,29,4787
885,Ropa interior,70,35,8255
886,Falda,3,25,8160
887,Pantalones,5,34,8076
888,Chaleco,97,10,469
889,Falda,34,16,7456
890,Bufanda,33,14,9514
891,Ropa interior,30,18,5269
892,Calcetines,61,36,8586
893,Camisa,36,34,3646
894,Ropa interior,52,22,9140
895,Ropa interior,82,13,8804
896,Gorra,48,31,3557
897,Bufanda,22,10,7692
898,Sudadera,19,5,9859
899,Pantalones,41,13,6560
900,Chaqueta,63,32,5868
901,Blusa,91,39,6547
902,Pantalones,12,23,6364
903,Abrigo,4,25,7909
904,Zapatos.,5,27,1790
905,Vestido,86,21,1819
906,Gorra,70,15,4488
907,Ropa interior,55,28,176
908,Blusa,20,17,8864
909,Gorra,67,3,2730
910,Sudadera,14,40,3133
911,Blusa,13,36,6929
912,Ropa interior,48,28,1903
913,Bufanda,38,5,5843
914,Vaqueros,58,21,519
915,Chaleco,29,14,2834
916,Gorra,48,21,586
917,Chaleco,97,6,7978
918,Chaqueta,58,19,3044
919,Falda,17,39,7239
920,Bufanda,15,23,6679
921,Pantalones cortos,68,1,8929
922,Pantalones cortos,9,38,1605
923,Traje,55,30,8312
924,Bufanda,88,13,1099
925,Chaqueta,72,40,6938
926,Camiseta,25,38,7388
927,Pantalones cortos,59,8,4261
928,Sombrero,50,17,6605
929,Camisa,96,19,4243
930,Falda,77,1,4153
931,Vestido,35,39,7733
932,Chaleco,67,19,8194
933,Bufanda,8,37,6388
934,Vestido,83,40,9614
935,Zapatos.,16,17,5144
936,Falda,45,26,3140
937,Sudadera,30,17,1959
938,Chaleco,21,29,7311
939,Guantes,90,35,2810
940,Gorra,45,29,2502
941,Zapatos.,83,31,1069
942,Zapatos.,66,15,9129
943,Gorra,28,37,7893
944,Traje,58,13,295
945,Abrigo,90,18,4530
946,Chaleco,24,30,7722
947,Gorra,79,14,4168
948,Gorra,82,3,9212
949,Vaqueros,10,39,2094
950,Camiseta,65,38,9760
951,Camisa,35,7,7137
952,Sombrero,12,11,3450
953,Chaleco,44,21,6342
954,Blusa,31,4,8385
955,Pantalones,37,22,1588
956,Blusa,36,27,9757
957,Pantalones cortos,74,6,4849
958,Pantalones cortos,72,20,7389
959,Pantalones,91,37,8288
960,Vestido,12,25,2595
961,Vestido,88,21,5789
962,Camisa,16,40,3915
963,Falda,40,30,2633
964,Gorra,67,25,4585
965,Traje,96,33,541
966,Abrigo,36,33,9784
967,Gorra,86,19,1797
968,Falda,41,30,4497
969,Guantes,34,31,7281
970,Bufanda,43,17,3434
971,Vestido,3,17,3764
972,Guantes,16,27,2709
973,Camisa,83,26,7587
974,Sombrero,58,19,3870
975,Sudadera,80,24,7676
976,Blusa,44,38,309
977,Chaqueta,10,29,5393
978,Abrigo,42,11,3993
979,Vestido,72,1,3106
980,Camisa,24,9,3396
981,Zapatos.,83,12,9106
982,Ropa interior,26,23,8375
983,Bufanda,10,5,304
984,Sombrero,2,1,5244
985,Bufanda,85,5,5821
986,Pantalones cortos,67,35,6610
987,Ropa interior,74,8,6082
988,Pantalones,36,13,495
989,Zapatos.,22,3,2666
990,Falda,64,9,8469
991,Falda,36,28,1451
992,Traje,15,27,7984
993,Chaqueta,13,27,1084
994,Sombrero,69,31,9678
995,Pantalones cortos,10,20,677
996,Chaqueta,56,2,7638
997,Sombrero,91,32,4951
998,Chaqueta,7,4,5879
999,Falda,75,11,5277
1000,Abrigo,63,3,3992
